College Name,Course,Department,Annual Fees (INR),Duration,Seats,Cutoff Score,Eligibility,Admission Deadline
Hindustan Institute of Technology and Science (HITS),B.Tech Aeronautical Engineering,Aeronautical Engineering,400000,4 years,,PCM 70-85%: 365000 | PCM 85.5%+: 340000,10+2 with Maths and Physics,2026-27
Hindustan Institute of Technology and Science (HITS),B.Tech Aerospace Engineering,Aerospace Engineering,400000,4 years,,PCM 70-85%: 365000 | PCM 85.5%+: 340000,10+2 with Maths and Physics,2026-27
Hindustan Institute of Technology and Science (HITS),B.Tech Computer Science Engineering,CSE,292000,4 years,,PCM 70-85%: 260000 | PCM 85.5%+: 237000,10+2 with Maths and Physics,2026-27
Hindustan Institute of Technology and Science (HITS),B.Tech AI & Data Science,CSE,292000,4 years,,PCM 70-85%: 260000 | PCM 85.5%+: 237000,10+2 with Maths and Physics,2026-27
Hindustan Institute of Technology and Science (HITS),B.Tech Information Technology,CSE,292000,4 years,,PCM 70-85%: 260000 | PCM 85.5%+: 237000,10+2 with Maths and Physics,2026-27
Hindustan Institute of Technology and Science (HITS),B.Tech CSE (AI & ML) with IBM,CSE,346000,4 years,,PCM 70-85%: 313000 | PCM 85.5%+: 290000,10+2 with Maths and Physics,2026-27
Hindustan Institute of Technology and Science (HITS),B.Tech CSE (Cyber Security) with IBM,CSE,346000,4 years,,PCM 70-85%: 313000 | PCM 85.5%+: 290000,10+2 with Maths and Physics,2026-27
Hindustan Institute of Technology and Science (HITS),B.Tech CSE IoT/Blockchain/CCV with IBM,CSE,346000,4 years,,PCM 70-85%: 313000 | PCM 85.5%+: 290000,10+2 with Maths and Physics,2026-27
Hindustan Institute of Technology and Science (HITS),B.Tech CSE (Gen AI) with Google,CSE,320000,4 years,,PCM 70-85%: 290000 | PCM 85.5%+: 271000,10+2 with Maths and Physics,2026-27
Hindustan Institute of Technology and Science (HITS),B.Tech CSE (Cloud Security) with Google,CSE,320000,4 years,,PCM 70-85%: 290000 | PCM 85.5%+: 271000,10+2 with Maths and Physics,2026-27
Hindustan Institute of Technology and Science (HITS),B.Tech CSE (Full Stack Development) with Collegedekho,CSE,360000,4 years,,PCM 70-85%: 325000 | PCM 85.5%+: 300000,10+2 with Maths and Physics,2026-27
Hindustan Institute of Technology and Science (HITS),B.Tech Auto-Electric Mobility (GARC),Automobile Engineering,305500,4 years,,,10+2 with Maths and Physics,2026-27
Hindustan Institute of Technology and Science (HITS),B.Tech Automobile Engineering,Automobile Engineering,191500,4 years,,,10+2 with Maths and Physics,2026-27
Hindustan Institute of Technology and Science (HITS),B.Tech Civil Engineering,Civil Engineering,191500,4 years,,,10+2 with Maths and Physics,2026-27
Hindustan Institute of Technology and Science (HITS),B.Tech Bio-Technology & Specialization,Biotechnology,191500,4 years,,,10+2 with Maths and Physics/Biology,2026-27
Hindustan Institute of Technology and Science (HITS),B.Tech EEE (AI / EV Tech / Batteries & Energy Storage),Electrical Engineering,191500,4 years,,,10+2 with Maths and Physics,2026-27
Hindustan Institute of Technology and Science (HITS),B.Tech ECE (EMT / Data Science / Semiconductor Tech),Electronics Engineering,191500,4 years,,,10+2 with Maths and Physics,2026-27
Hindustan Institute of Technology and Science (HITS),B.Tech Mechanical Engineering,Mechanical Engineering,191500,4 years,,,10+2 with Maths and Physics,2026-27
Hindustan Institute of Technology and Science (HITS),B.Tech Mechatronics Engineering,Mechanical Engineering,191500,4 years,,,10+2 with Maths and Physics,2026-27
Hindustan Institute of Technology and Science (HITS),B.Tech Biomedical Engineering,Biomedical Engineering,191500,4 years,,,10+2 with Maths and Physics/Biology,2026-27
Hindustan Institute of Technology and Science (HITS),B.Tech Robotics & Artificial Intelligence,CSE,191500,4 years,,,10+2 with Maths and Physics,2026-27
Hindustan Institute of Technology and Science (HITS),B.Arch,Architecture,191500,5 years,,,10+2 with Maths,2026-27
Hindustan Institute of Technology and Science (HITS),B.Des Fashion & Apparel Design,Design,171500,4 years,,,10+2 any stream,2026-27
Hindustan Institute of Technology and Science (HITS),B.Des Communication Design,Design,171500,4 years,,,10+2 any stream,2026-27
Hindustan Institute of Technology and Science (HITS),B.Des Graphic Design with Collegedekho,Design,250000,4 years,,,10+2 any stream,2026-27
Hindustan Institute of Technology and Science (HITS),B.Com & Specialization (Batch-I),Commerce,93450,3 years,,,10+2 any stream,2026-27
Hindustan Institute of Technology and Science (HITS),B.Com General (Batch-II),Commerce,81900,3 years,,,10+2 any stream,2026-27
Hindustan Institute of Technology and Science (HITS),BA English,Arts,78750,3 years,,,10+2 any stream,2026-27
Hindustan Institute of Technology and Science (HITS),BA Economics,Arts,78750,3 years,,,10+2 any stream,2026-27
Hindustan Institute of Technology and Science (HITS),BA Political & International Relations,Arts,75000,3 years,,,10+2 any stream,2026-27
Hindustan Institute of Technology and Science (HITS),BA (Law Eco Political Science),Arts,78750,3 years,,,10+2 any stream,2026-27
Hindustan Institute of Technology and Science (HITS),B.Sc Interior Design,Design,78750,3 years,,,10+2 any stream,2026-27
Hindustan Institute of Technology and Science (HITS),B.Sc Fashion Design,Design,87150,3 years,,,10+2 any stream,2026-27
Hindustan Institute of Technology and Science (HITS),B.Sc Visual Communication,Media,97650,3 years,,,10+2 any stream,2026-27
Hindustan Institute of Technology and Science (HITS),BVA & Specialization,Arts,105000,3 years,,,10+2 any stream,2026-27
Hindustan Institute of Technology and Science (HITS),BCA (Batch-I),Computer Applications,110000,3 years,,,10+2 any stream,2026-27
Hindustan Institute of Technology and Science (HITS),BCA (Batch-II),Computer Applications,95000,3 years,,,10+2 any stream,2026-27
Hindustan Institute of Technology and Science (HITS),BCA (CS) Batch-I,Computer Applications,120000,3 years,,,10+2 any stream,2026-27
Hindustan Institute of Technology and Science (HITS),BCA (CS) Batch-II,Computer Applications,105000,3 years,,,10+2 any stream,2026-27
Hindustan Institute of Technology and Science (HITS),B.Sc Computer Science,Computer Science,95000,3 years,,,10+2 any stream,2026-27
Hindustan Institute of Technology and Science (HITS),B.Sc CS (Gaming Design),Computer Science,95000,3 years,,,10+2 any stream,2026-27
Hindustan Institute of Technology and Science (HITS),B.Sc AI & Data Analytics,Computer Science,95000,3 years,,,10+2 any stream,2026-27
Hindustan Institute of Technology and Science (HITS),B.Sc Data Science,Computer Science,113000,3 years,,,10+2 any stream,2026-27
Hindustan Institute of Technology and Science (HITS),B.Sc UAS,Science,75000,3 years,,,10+2 any stream,2026-27
Hindustan Institute of Technology and Science (HITS),B.Sc Food Technology,Science,78750,3 years,,,10+2 with Science,2026-27
Hindustan Institute of Technology and Science (HITS),B.Sc Maths & Data Science,Science,78750,3 years,,,10+2 with Maths,2026-27
Hindustan Institute of Technology and Science (HITS),B.Sc Psychology,Science,78750,3 years,,,10+2 any stream,2026-27
Hindustan Institute of Technology and Science (HITS),M.Sc Maths Integrated,Science,78750,5 years,,,10+2 with Maths,2026-27
Hindustan Institute of Technology and Science (HITS),B.Sc Physical Education,Science,75000,3 years,,,10+2 any stream,2026-27
Hindustan Institute of Technology and Science (HITS),B.Sc Chemistry,Science,75000,3 years,,,10+2 with Science,2026-27
Hindustan Institute of Technology and Science (HITS),BBA,Management,145000,3 years,,,10+2 any stream,2026-27
Hindustan Institute of Technology and Science (HITS),BBA Aviation Management,Management,170000,3 years,,,10+2 any stream,2026-27
Hindustan Institute of Technology and Science (HITS),BBA Digital Marketing,Management,145000,3 years,,,10+2 any stream,2026-27
Hindustan Institute of Technology and Science (HITS),BBA Banking & Financial Technology,Management,145000,3 years,,,10+2 any stream,2026-27
Hindustan Institute of Technology and Science (HITS),BBA Logistics,Management,145000,3 years,,,10+2 any stream,2026-27
Hindustan Institute of Technology and Science (HITS),BBA Retail & Franchise Management,Management,145000,3 years,,,10+2 any stream,2026-27
Hindustan Institute of Technology and Science (HITS),BBA Hospital Management (IRED),Management,145000,3 years,,,10+2 any stream,2026-27
Hindustan Institute of Technology and Science (HITS),MBA Aviation Management,Management,367500,2 years,,,Any UG Degree,2026-27
Hindustan Institute of Technology and Science (HITS),MBA Business Analytics,Management,367500,2 years,,,Any UG Degree,2026-27
Hindustan Institute of Technology and Science (HITS),MBA Finance / Marketing / HR,Management,325500,2 years,,,Any UG Degree,2026-27
Hindustan Institute of Technology and Science (HITS),MBA Logistics & Supply Chain,Management,325500,2 years,,,Any UG Degree,2026-27
Hindustan Institute of Technology and Science (HITS),MBA Hotel Management,Management,325500,2 years,,,Any UG Degree,2026-27
Hindustan Institute of Technology and Science (HITS),MBA Media & Entertainment,Management,325500,2 years,,,Any UG Degree,2026-27
Hindustan Institute of Technology and Science (HITS),MBA Hotel & Tourism Management,Management,325500,2 years,,,Any UG Degree,2026-27
Hindustan Institute of Technology and Science (HITS),MBA Sports Management,Management,325500,2 years,,,Any UG Degree,2026-27
Hindustan Institute of Technology and Science (HITS),MBA Retail & Franchise Management,Management,310000,2 years,,,Any UG Degree,2026-27
Hindustan Institute of Technology and Science (HITS),MBA Entrepreneurship,Management,310000,2 years,,,Any UG Degree,2026-27
Hindustan Institute of Technology and Science (HITS),Executive MBA,Management,600000,2 years,,,Any UG Degree with Work Experience,2026-27
Hindustan Institute of Technology and Science (HITS),BA LLB (Hons),Law,234150,5 years,,,10+2 any stream,2026-27
Hindustan Institute of Technology and Science (HITS),BBA LLB (Hons),Law,234150,5 years,,,10+2 any stream,2026-27
Hindustan Institute of Technology and Science (HITS),LLB,Law,234150,3 years,,,Any UG Degree,2026-27
Hindustan Institute of Technology and Science (HITS),LLM & Specialization,Law,129150,2 years,,,LLB Degree,2026-27
Hindustan Institute of Technology and Science (HITS),B.Sc Digital Forensics & Cyber Security,Law / Science,99750,3 years,,,10+2 any stream,2026-27
Hindustan Institute of Technology and Science (HITS),B.Sc Criminology & Police Administration,Law / Science,94500,3 years,,,10+2 any stream,2026-27
Hindustan Institute of Technology and Science (HITS),B.Sc Forensic Science,Law / Science,99750,3 years,,,10+2 with Science,2026-27
Hindustan Institute of Technology and Science (HITS),B.Optometry,Health Sciences,97650,4 years,,,10+2 with Science,2026-27
Hindustan Institute of Technology and Science (HITS),BPT (Physiotherapy),Health Sciences,139650,4.5 years,,,10+2 with Science,2026-27
Hindustan Institute of Technology and Science (HITS),B.Pharmacy,Pharmacy,160650,4 years,,,10+2 with Physics Chemistry Biology/Maths,2026-27
Hindustan Institute of Technology and Science (HITS),B.Sc Nursing,Nursing,225000,4 years,,,10+2 with Physics Chemistry Biology,2026-27
Hindustan Institute of Technology and Science (HITS),M.Tech Aeronautical,Engineering PG,108000,2 years,,,B.Tech / BE in relevant field,2026-27
Hindustan Institute of Technology and Science (HITS),M.Tech Design Technology,Engineering PG,108000,2 years,,,B.Tech / BE in relevant field,2026-27
Hindustan Institute of Technology and Science (HITS),M.Tech CSE,Engineering PG,108000,2 years,,,B.Tech / BE in CSE/IT,2026-27
Hindustan Institute of Technology and Science (HITS),M.Tech Automobile,Engineering PG,92400,2 years,,,B.Tech / BE in relevant field,2026-27
Hindustan Institute of Technology and Science (HITS),M.Tech Auto (GARC),Engineering PG,107835,2 years,,,B.Tech / BE in relevant field,2026-27
Hindustan Institute of Technology and Science (HITS),M.Tech Robotics & Mechatronics,Engineering PG,92400,2 years,,,B.Tech / BE in relevant field,2026-27
Hindustan Institute of Technology and Science (HITS),M.Tech Civil,Engineering PG,92400,2 years,,,B.Tech / BE in Civil,2026-27
Hindustan Institute of Technology and Science (HITS),M.Tech Bio-Technology,Engineering PG,92400,2 years,,,B.Tech / BE in Biotech/related,2026-27
Hindustan Institute of Technology and Science (HITS),M.Arch (Housing),Architecture PG,75000,2 years,,,B.Arch,2026-27
Hindustan Institute of Technology and Science (HITS),M.Plan Urban,Architecture PG,75000,2 years,,,B.Arch / B.Planning,2026-27
Hindustan Institute of Technology and Science (HITS),MCA & Specialization,Computer Applications PG,195000,2 years,,,BCA / B.Sc CS / Any UG with Maths,2026-27
Hindustan Institute of Technology and Science (HITS),M.Sc Food Technology,Science PG,78750,2 years,,,B.Sc Food Tech / related,2026-27
Hindustan Institute of Technology and Science (HITS),M.Sc Data Science,Science PG,76650,2 years,,,Any UG with Maths/Statistics,2026-27
Hindustan Institute of Technology and Science (HITS),M.Sc AI & Data Analytics,Science PG,76650,2 years,,,Any UG with relevant background,2026-27
Hindustan Institute of Technology and Science (HITS),M.Sc Applied Psychology,Science PG,75000,2 years,,,BA/B.Sc Psychology,2026-27
Hindustan Institute of Technology and Science (HITS),M.Sc Sport Management,Science PG,75000,2 years,,,Any UG Degree,2026-27
Hindustan Institute of Technology and Science (HITS),M.Com & Specialization,Commerce PG,75000,2 years,,,B.Com / BBA,2026-27
Hindustan Institute of Technology and Science (HITS),MPT,Health Sciences PG,150000,2 years,,,BPT,2026-27
Hindustan Institute of Technology and Science (HITS),MSW,Social Work PG,75000,2 years,,,Any UG Degree,2026-27
Hindustan Institute of Technology and Science (HITS),M.Sc Nano Science,Science PG,76650,2 years,,,B.Sc Science,2026-27
Hindustan Institute of Technology and Science (HITS),M.Sc Chemistry,Science PG,75000,2 years,,,B.Sc Chemistry,2026-27
Hindustan Institute of Technology and Science (HITS),MA Christian Studies,Arts PG,75000,2 years,,,Any UG Degree,2026-27
Hindustan Institute of Technology and Science (HITS),M.Sc User Experience Design,Design PG,125000,2 years,,,Any UG Degree,2026-27
Hindustan Institute of Technology and Science (HITS),MA Public Administration,Arts PG,75000,2 years,,,Any UG Degree,2026-27
Hindustan Institute of Technology and Science (HITS),M.Sc Visual Communication,Media PG,92000,2 years,,,B.Sc Visual Communication / related,2026-27
Hindustan Institute of Technology and Science (HITS),Master of Hospital Administration (MHA),Health Management PG,75000,2 years,,,Any UG Degree,2026-27
Hindustan Institute of Technology and Science (HITS),M.Sc Physician Associate (IRED),Health Sciences PG,100000,2 years,,,Any UG in Health Sciences,2026-27
Hindustan Institute of Technology and Science (HITS),M.Sc Clinical Nutrition (IRED),Health Sciences PG,100000,2 years,,,Any UG in Health Sciences,2026-27
Aarupadai Veedu Institute of Technology (AVIT),B.E CSE,CSE,180000,4 years,,,10+2 with Maths and Physics,2026-27
Aarupadai Veedu Institute of Technology (AVIT),B.E CSE Cyber Security,CSE,180000,4 years,,,10+2 with Maths and Physics,2026-27
Aarupadai Veedu Institute of Technology (AVIT),B.E CSE AI & ML,CSE,180000,4 years,,,10+2 with Maths and Physics,2026-27
Aarupadai Veedu Institute of Technology (AVIT),B.E CSE Data Science,CSE,180000,4 years,,,10+2 with Maths and Physics,2026-27
Aarupadai Veedu Institute of Technology (AVIT),B.E ECE,Electronics Engineering,180000,4 years,,,10+2 with Maths and Physics,2026-27
Aarupadai Veedu Institute of Technology (AVIT),B.E Bio-Medical Engineering,Biomedical Engineering,80000,4 years,,,10+2 with Science,2026-27
Aarupadai Veedu Institute of Technology (AVIT),B.E Civil Engineering,Civil Engineering,80000,4 years,,,10+2 with Maths and Physics,2026-27
Aarupadai Veedu Institute of Technology (AVIT),B.E EEE,Electrical Engineering,80000,4 years,,,10+2 with Maths and Physics,2026-27
Aarupadai Veedu Institute of Technology (AVIT),B.E Mechanical Engineering,Mechanical Engineering,80000,4 years,,,10+2 with Maths and Physics,2026-27
Aarupadai Veedu Institute of Technology (AVIT),B.E Bio-Technology,Biotechnology,105000,4 years,,,10+2 with Science,2026-27
Bharath Institute of Higher Education and Research (BIHER),B.Tech CSE,CSE,225000,4 years,,PCM 90%+: 125000 | PCM 70-89.9%: 150000 | PCM 60-69.9%: 175000 | PCM 50-59.9%: 200000 | Below 50%: 225000 (TN slab),10+2 with Maths and Physics (Min 50%),2026-27
Bharath Institute of Higher Education and Research (BIHER),B.Tech CSE with AI,CSE,250000,4 years,,PCM based slab applicable,10+2 with Maths and Physics (Min 50%),2026-27
Bharath Institute of Higher Education and Research (BIHER),B.Tech CSE with AI & ML,CSE,250000,4 years,,PCM based slab applicable,10+2 with Maths and Physics (Min 50%),2026-27
Bharath Institute of Higher Education and Research (BIHER),B.Tech CSE with Cyber Security,CSE,250000,4 years,,PCM based slab applicable,10+2 with Maths and Physics (Min 50%),2026-27
Bharath Institute of Higher Education and Research (BIHER),B.Tech CSE with Data Science,CSE,250000,4 years,,PCM based slab applicable,10+2 with Maths and Physics (Min 50%),2026-27
Bharath Institute of Higher Education and Research (BIHER),B.Tech CSE with IoT (Blockchain),CSE,250000,4 years,,PCM based slab applicable,10+2 with Maths and Physics (Min 50%),2026-27
Bharath Institute of Higher Education and Research (BIHER),B.Tech CSE with AI & ML (IOA UK),CSE,250000,4 years,,PCM based slab applicable,10+2 with Maths and Physics (Min 50%),2026-27
Bharath Institute of Higher Education and Research (BIHER),B.Tech CSE with AI & DS,CSE,250000,4 years,,PCM based slab applicable,10+2 with Maths and Physics (Min 50%),2026-27
Bharath Institute of Higher Education and Research (BIHER),B.Tech Information Technology,IT,100000,4 years,,,10+2 with Maths and Physics (Min 50%),2026-27
Bharath Institute of Higher Education and Research (BIHER),B.Tech Electronics & Communication Engineering,ECE,125000,4 years,,,10+2 with Maths and Physics (Min 50%),2026-27
Bharath Institute of Higher Education and Research (BIHER),B.Tech Mechatronics Engineering,Mechanical Engineering,75000,4 years,,,10+2 with Maths and Physics (Min 50%),2026-27
Bharath Institute of Higher Education and Research (BIHER),B.Tech Electrical & Electronics Engineering,Electrical Engineering,75000,4 years,,,10+2 with Maths and Physics (Min 50%),2026-27
Bharath Institute of Higher Education and Research (BIHER),B.Tech Civil Engineering,Civil Engineering,75000,4 years,,,10+2 with Maths and Physics (Min 50%),2026-27
Bharath Institute of Higher Education and Research (BIHER),B.Tech Automobile Engineering,Automobile Engineering,75000,4 years,,,10+2 with Maths and Physics (Min 50%),2026-27
Bharath Institute of Higher Education and Research (BIHER),B.Arch,Architecture,125000,5 years,,,10+2 with Maths,2026-27
Bharath Institute of Higher Education and Research (BIHER),B.Tech Industrial Biotechnology,Biotechnology,100000,4 years,,,10+2 with Science (Min 50%),2026-27
Bharath Institute of Higher Education and Research (BIHER),B.Tech Biotechnology (Agricultural Biotechnology),Biotechnology,100000,4 years,,,10+2 with Science (Min 50%),2026-27
Bharath Institute of Higher Education and Research (BIHER),B.Tech Biomedical Engineering,Biomedical Engineering,100000,4 years,,,10+2 with Science (Min 50%),2026-27
Bharath Institute of Higher Education and Research (BIHER),B.Tech Biotechnology (Genetic Engineering),Biotechnology,100000,4 years,,,10+2 with Science (Min 50%),2026-27
Bharath Institute of Higher Education and Research (BIHER),B.Tech Mechanical Engineering,Mechanical Engineering,100000,4 years,,,10+2 with Maths and Physics (Min 50%),2026-27
Bharath Institute of Higher Education and Research (BIHER),B.Tech Aeronautical Engineering,Aeronautical Engineering,100000,4 years,,,10+2 with Maths and Physics (Min 50%),2026-27
Bharath Institute of Higher Education and Research (BIHER),B.Tech Aerospace Engineering,Aerospace Engineering,100000,4 years,,,10+2 with Maths and Physics (Min 50%),2026-27
Bharath Institute of Higher Education and Research (BIHER),B.Tech Lateral - CSE / IT,CSE,150000,3 years,,,Diploma / B.Sc with relevant background,2026-27
Bharath Institute of Higher Education and Research (BIHER),B.Tech Lateral - CSE with AI (IBM),CSE,250000,3 years,,,Diploma / B.Sc with relevant background,2026-27
Bharath Institute of Higher Education and Research (BIHER),B.Tech Lateral - CSE (AI AIML Cyber Security DS IoT),CSE,175000,3 years,,,Diploma / B.Sc with relevant background,2026-27
Bharath Institute of Higher Education and Research (BIHER),B.Tech Lateral - ECE,ECE,125000,3 years,,,Diploma / B.Sc with relevant background,2026-27
Bharath Institute of Higher Education and Research (BIHER),B.Tech Lateral - All Other Branches,Engineering,100000,3 years,,,Diploma / B.Sc with relevant background,2026-27
Bharath Institute of Higher Education and Research (BIHER),B.Sc (Hons) Agriculture,Agriculture,125000,4 years,,,10+2 with Science,2026-27
Bharath Institute of Higher Education and Research (BIHER),Pharm.D,Pharmacy,275000,6 years,,,10+2 with Physics Chemistry Biology,2026-27
Bharath Institute of Higher Education and Research (BIHER),M.Pharm - Pharmaceutics,Pharmacy PG,125000,2 years,,,B.Pharmacy,2026-27
Bharath Institute of Higher Education and Research (BIHER),B.Pharmacy,Pharmacy,150000,4 years,,,10+2 with Physics Chemistry Biology,2026-27
Bharath Institute of Higher Education and Research (BIHER),D.Pharmacy,Pharmacy,75000,2 years,,,10+2 with Physics Chemistry Biology,2026-27
Bharath Institute of Higher Education and Research (BIHER),MBA,Management,100000,2 years,,,Any UG Degree,2026-27
Bharath Institute of Higher Education and Research (BIHER),M.Arch General,Architecture PG,120000,2 years,,,B.Arch,2026-27
Bharath Institute of Higher Education and Research (BIHER),M.Arch Landscape,Architecture PG,120000,2 years,,,B.Arch,2026-27
Bharath Institute of Higher Education and Research (BIHER),M.Tech Programs,Engineering PG,60000,2 years,,,B.Tech / BE in relevant field,2026-27
Bharath Institute of Higher Education and Research (BIHER),BA LLB (Hons),Law,200000,5 years,,,10+2 any stream,2026-27
Bharath Institute of Higher Education and Research (BIHER),BBA LLB (Hons),Law,200000,5 years,,,10+2 any stream,2026-27
Bharath Institute of Higher Education and Research (BIHER),B.Sc LLB (Hons),Law,125000,5 years,,,10+2 any stream,2026-27
Bharath Institute of Higher Education and Research (BIHER),B.Com LLB (Hons),Law,200000,5 years,,,10+2 any stream,2026-27
Bharath Institute of Higher Education and Research (BIHER),LLB (Hons),Law,250000,3 years,,,Any UG Degree,2026-27
Bharath Institute of Higher Education and Research (BIHER),B.Sc Operation Theatre & Anaesthesia Technology,Allied Health Sciences,150000,3 years,,,10+2 with Science,2026-27
Bharath Institute of Higher Education and Research (BIHER),B.Sc Medical Laboratory Technology,Allied Health Sciences,125000,3 years,,,10+2 with Science,2026-27
Bharath Institute of Higher Education and Research (BIHER),B.Sc Radiology & Imaging Science Technology,Allied Health Sciences,125000,3 years,,,10+2 with Science,2026-27
Bharath Institute of Higher Education and Research (BIHER),B.Sc Renal Dialysis Technology,Allied Health Sciences,125000,3 years,,,10+2 with Science,2026-27
Bharath Institute of Higher Education and Research (BIHER),B.Sc Cardiac Perfusion Technology,Allied Health Sciences,125000,3 years,,,10+2 with Science,2026-27
Bharath Institute of Higher Education and Research (BIHER),B.Sc Cardiac Technology,Allied Health Sciences,150000,3 years,,,10+2 with Science,2026-27
Bharath Institute of Higher Education and Research (BIHER),B.Sc Optometry,Allied Health Sciences,100000,3 years,,,10+2 with Science,2026-27
Bharath Institute of Higher Education and Research (BIHER),B.Sc Nursing,Nursing,200000,4 years,,,10+2 with Physics Chemistry Biology,2026-27
Bharath Institute of Higher Education and Research (BIHER),B.Com General (Shift I),Commerce,85000,3 years,,,10+2 any stream,2026-27
Bharath Institute of Higher Education and Research (BIHER),B.Com Accounting & Finance (Shift I),Commerce,80000,3 years,,,10+2 any stream,2026-27
Bharath Institute of Higher Education and Research (BIHER),B.Com Corporate Secretaryship (Shift I),Commerce,80000,3 years,,,10+2 any stream,2026-27
Bharath Institute of Higher Education and Research (BIHER),B.Com Honours (Shift I),Commerce,75000,3 years,,,10+2 any stream,2026-27
Bharath Institute of Higher Education and Research (BIHER),B.Com Computer Applications (Shift I),Commerce,65000,3 years,,,10+2 any stream,2026-27
Bharath Institute of Higher Education and Research (BIHER),B.Com Data Analytics with IBM (Shift I),Commerce,90000,3 years,,,10+2 any stream,2026-27
Bharath Institute of Higher Education and Research (BIHER),BBA (Shift I),Management,80000,3 years,,,10+2 any stream,2026-27
Bharath Institute of Higher Education and Research (BIHER),BCA (Shift I),Computer Applications,85000,3 years,,,10+2 any stream,2026-27
Bharath Institute of Higher Education and Research (BIHER),BCA Data Analytics IOA UK (Shift I),Computer Applications,90000,3 years,,,10+2 any stream,2026-27
Bharath Institute of Higher Education and Research (BIHER),B.Sc Aviation (Shift I),Aviation,100000,3 years,,,10+2 any stream,2026-27
Bharath Institute of Higher Education and Research (BIHER),B.Sc Aeronautical Science (Shift I),Aviation,100000,3 years,,,10+2 any stream,2026-27
Bharath Institute of Higher Education and Research (BIHER),B.Sc CS with AI & ML (Shift I),Computer Science,80000,3 years,,,10+2 any stream,2026-27
Bharath Institute of Higher Education and Research (BIHER),B.Sc CS with AI & DS (Shift I),Computer Science,80000,3 years,,,10+2 any stream,2026-27
Bharath Institute of Higher Education and Research (BIHER),B.Sc Visual Communication (Shift I),Media,75000,3 years,,,10+2 any stream,2026-27
Bharath Institute of Higher Education and Research (BIHER),B.Sc Computer Science (Shift I),Computer Science,80000,3 years,,,10+2 any stream,2026-27
Bharath Institute of Higher Education and Research (BIHER),B.Sc CS Cyber Security IBM (Shift I),Computer Science,90000,3 years,,,10+2 any stream,2026-27
Bharath Institute of Higher Education and Research (BIHER),B.Sc CS Data Analytics IOA (Shift I),Computer Science,90000,3 years,,,10+2 any stream,2026-27
Bharath Institute of Higher Education and Research (BIHER),B.Sc Biotechnology (Shift I),Science,65000,3 years,,,10+2 with Science,2026-27
Bharath Institute of Higher Education and Research (BIHER),B.Sc Microbiology (Shift I),Science,65000,3 years,,,10+2 with Science,2026-27
Bharath Institute of Higher Education and Research (BIHER),B.Sc Biochemistry (Shift I),Science,45000,3 years,,,10+2 with Science,2026-27
Bharath Institute of Higher Education and Research (BIHER),B.Sc Physics (Shift I),Science,40000,3 years,,,10+2 with Science,2026-27
Bharath Institute of Higher Education and Research (BIHER),B.Sc Chemistry (Shift I),Science,40000,3 years,,,10+2 with Science,2026-27
Bharath Institute of Higher Education and Research (BIHER),B.Sc Maths (Shift I),Science,40000,3 years,,,10+2 with Maths,2026-27
Bharath Institute of Higher Education and Research (BIHER),B.Sc Statistics (Shift I),Science,40000,3 years,,,10+2 with Maths,2026-27
Bharath Institute of Higher Education and Research (BIHER),B.Sc Catering Science & Hotel Management (Shift I),Hotel Management,50000,3 years,,,10+2 any stream,2026-27
Bharath Institute of Higher Education and Research (BIHER),BA English (Shift I),Arts,40000,3 years,,,10+2 any stream,2026-27
Bharath Institute of Higher Education and Research (BIHER),BA Tamil (Shift I),Arts,35000,3 years,,,10+2 any stream,2026-27
Bharath Institute of Higher Education and Research (BIHER),BA Economics (Shift I),Arts,50000,3 years,,,10+2 any stream,2026-27
Bharath Institute of Higher Education and Research (BIHER),BA Public Administration & Governance (Shift I),Arts,50000,3 years,,,10+2 any stream,2026-27
Bharath Institute of Higher Education and Research (BIHER),B.Com General (Shift II),Commerce,55000,3 years,,,10+2 any stream,2026-27
Bharath Institute of Higher Education and Research (BIHER),BCA (Shift II),Computer Applications,55000,3 years,,,10+2 any stream,2026-27
Bharath Institute of Higher Education and Research (BIHER),BBA (Shift II),Management,55000,3 years,,,10+2 any stream,2026-27
Bharath Institute of Higher Education and Research (BIHER),B.Sc Computer Science (Shift II),Computer Science,55000,3 years,,,10+2 any stream,2026-27
Bharath Institute of Higher Education and Research (BIHER),MCA,Computer Applications PG,75000,2 years,,,BCA / B.Sc CS / Any UG with Maths,2026-27
Bharath Institute of Higher Education and Research (BIHER),M.Com General,Commerce PG,45000,2 years,,,B.Com / BBA,2026-27
Bharath Institute of Higher Education and Research (BIHER),M.Sc Computer Science,Science PG,45000,2 years,,,B.Sc CS / BCA,2026-27
Bharath Institute of Higher Education and Research (BIHER),M.Sc Biotechnology,Science PG,45000,2 years,,,B.Sc Biotechnology,2026-27
Bharath Institute of Higher Education and Research (BIHER),M.Sc Microbiology,Science PG,45000,2 years,,,B.Sc Microbiology,2026-27
Bharath Institute of Higher Education and Research (BIHER),M.Sc Bio-Chemistry,Science PG,45000,2 years,,,B.Sc Biochemistry,2026-27
Bharath Institute of Higher Education and Research (BIHER),M.Sc Physics,Science PG,35000,2 years,,,B.Sc Physics,2026-27
Bharath Institute of Higher Education and Research (BIHER),M.Sc Chemistry,Science PG,35000,2 years,,,B.Sc Chemistry,2026-27
Bharath Institute of Higher Education and Research (BIHER),M.Sc Maths,Science PG,35000,2 years,,,B.Sc Maths,2026-27
Bharath Institute of Higher Education and Research (BIHER),M.Sc Statistics,Science PG,35000,2 years,,,B.Sc Statistics,2026-27
Bharath Institute of Higher Education and Research (BIHER),MA English,Arts PG,35000,2 years,,,BA English,2026-27
Bharath Institute of Higher Education and Research (BIHER),MA Tamil,Arts PG,35000,2 years,,,BA Tamil,2026-27
Bharath Institute of Higher Education and Research (BIHER),MA Economics,Arts PG,35000,2 years,,,BA Economics,2026-27
Dr. M.G.R. Educational and Research Institute,B.Tech DS & AI (IBM) - Batch A,CSE,235000,4 years,,1st Sem: 135000 | Later Sems: 100000,10+2 with Maths and Physics,2026-27
Dr. M.G.R. Educational and Research Institute,B.Tech DS & AI (IBM) - Batch B,CSE,215000,4 years,,1st Sem: 125000 | Later Sems: 90000,10+2 with Maths and Physics,2026-27
Dr. M.G.R. Educational and Research Institute,B.Tech CSE - Batch A,CSE,235000,4 years,,1st Sem: 135000 | Later Sems: 100000,10+2 with Maths and Physics,2026-27
Dr. M.G.R. Educational and Research Institute,B.Tech CSE - Batch B,CSE,205000,4 years,,1st Sem: 125000 | Later Sems: 80000,10+2 with Maths and Physics,2026-27
Dr. M.G.R. Educational and Research Institute,B.Tech CSE - AI - Batch A,CSE,235000,4 years,,1st Sem: 135000 | Later Sems: 100000,10+2 with Maths and Physics,2026-27
Dr. M.G.R. Educational and Research Institute,B.Tech CSE - AI - Batch B,CSE,205000,4 years,,1st Sem: 125000 | Later Sems: 80000,10+2 with Maths and Physics,2026-27
Dr. M.G.R. Educational and Research Institute,B.Tech CSE - DS - Batch B,CSE,150000,4 years,,1st Sem: 80000 | Later Sems: 70000,10+2 with Maths and Physics,2026-27
Dr. M.G.R. Educational and Research Institute,B.Tech CSE - Cyber Security - Batch A,CSE,206000,4 years,,1st Sem: 108000 | Later Sems: 98000,10+2 with Maths and Physics,2026-27
Dr. M.G.R. Educational and Research Institute,B.Tech AI & ML - Batch A,CSE,206000,4 years,,1st Sem: 108000 | Later Sems: 98000,10+2 with Maths and Physics,2026-27
Dr. M.G.R. Educational and Research Institute,B.Tech AI & ML - Batch B,CSE,190000,4 years,,1st Sem: 100000 | Later Sems: 90000,10+2 with Maths and Physics,2026-27
Dr. M.G.R. Educational and Research Institute,B.Tech IT - Batch A,IT,185000,4 years,,1st Sem: 110000 | Later Sems: 75000,10+2 with Maths and Physics,2026-27
Dr. M.G.R. Educational and Research Institute,B.Tech IT - Batch B,IT,165000,4 years,,1st Sem: 95000 | Later Sems: 70000,10+2 with Maths and Physics,2026-27
Dr. M.G.R. Educational and Research Institute,B.Tech CFIS (Cyber Forensics & Info Security) - Batch A,CSE,185000,4 years,,1st Sem: 110000 | Later Sems: 75000,10+2 with Maths and Physics,2026-27
Dr. M.G.R. Educational and Research Institute,B.Tech Biotechnology - Batch A,Biotechnology,155000,4 years,,1st Sem: 85000 | Later Sems: 70000,10+2 with Science,2026-27
Dr. M.G.R. Educational and Research Institute,B.Tech Biotechnology - Batch B,Biotechnology,140000,4 years,,1st Sem: 75000 | Later Sems: 65000,10+2 with Science,2026-27
Dr. M.G.R. Educational and Research Institute,B.Tech Biomedical Engineering - Batch A,Biomedical Engineering,155000,4 years,,1st Sem: 85000 | Later Sems: 70000,10+2 with Science,2026-27
Dr. M.G.R. Educational and Research Institute,B.Tech ECE - Batch A,ECE,175000,4 years,,1st Sem: 100000 | Later Sems: 75000,10+2 with Maths and Physics,2026-27
Dr. M.G.R. Educational and Research Institute,B.Tech ECE - Batch B,ECE,145000,4 years,,1st Sem: 80000 | Later Sems: 65000,10+2 with Maths and Physics,2026-27
Dr. M.G.R. Educational and Research Institute,B.Tech ECE - IoT - Batch A,ECE,155000,4 years,,1st Sem: 90000 | Later Sems: 65000,10+2 with Maths and Physics,2026-27
Dr. M.G.R. Educational and Research Institute,B.Tech EEE - Batch A,Electrical Engineering,150000,4 years,,1st Sem: 100000 | Later Sems: 50000,10+2 with Maths and Physics,2026-27
Dr. M.G.R. Educational and Research Institute,B.Tech Chemical Engineering - Batch A,Chemical Engineering,150000,4 years,,1st Sem: 100000 | Later Sems: 50000,10+2 with Maths and Physics,2026-27
Dr. M.G.R. Educational and Research Institute,B.Tech Mechanical Engineering - Batch A,Mechanical Engineering,145000,4 years,,1st Sem: 85000 | Later Sems: 60000,10+2 with Maths and Physics,2026-27
Dr. M.G.R. Educational and Research Institute,B.Tech Civil Engineering - Batch A,Civil Engineering,150000,4 years,,1st Sem: 100000 | Later Sems: 50000,10+2 with Maths and Physics,2026-27
Dr. M.G.R. Educational and Research Institute,BA LLB (5 Years),Law,190000,5 years,,,10+2 any stream,2026-27
Dr. M.G.R. Educational and Research Institute,BBA LLB (5 Years),Law,190000,5 years,,,10+2 any stream,2026-27
Dr. M.G.R. Educational and Research Institute,B.Com LLB (5 Years),Law,190000,5 years,,,10+2 any stream,2026-27
Dr. M.G.R. Educational and Research Institute,LLB (3 Years),Law,350000,3 years,,,Any UG Degree,2026-27
Saveetha Institute of Medical and Technical Sciences (SIMATS),B.Tech AI & Data Science,CSE,460000,4 years,,PCM 50-59.9%: 460000 | PCM 60-69.9%: 407500 | PCM 70-79.9%: 355000 | PCM 80-89.9%: 302500 | PCM 90-100%: 250000 (Tuition+Lab),Min 60% in 3 subjects,2026-27
Saveetha Institute of Medical and Technical Sciences (SIMATS),B.Tech AI & Machine Learning,CSE,460000,4 years,,PCM 50-59.9%: 460000 | PCM 60-69.9%: 407500 | PCM 70-79.9%: 355000 | PCM 80-89.9%: 302500 | PCM 90-100%: 250000 (Tuition+Lab),Min 60% in 3 subjects,2026-27
Saveetha Institute of Medical and Technical Sciences (SIMATS),B.Tech Computer Science & Engineering,CSE,460000,4 years,,PCM 50-59.9%: 460000 | PCM 60-69.9%: 407500 | PCM 70-79.9%: 355000 | PCM 80-89.9%: 302500 | PCM 90-100%: 250000 (Tuition+Lab),Min 60% in 3 subjects,2026-27
Saveetha Institute of Medical and Technical Sciences (SIMATS),B.Tech CSE (Artificial Intelligence),CSE,460000,4 years,,PCM 50-59.9%: 460000 | PCM 60-69.9%: 407500 | PCM 70-79.9%: 355000 | PCM 80-89.9%: 302500 | PCM 90-100%: 250000 (Tuition+Lab),Min 60% in 3 subjects,2026-27
Saveetha Institute of Medical and Technical Sciences (SIMATS),B.Tech CSE (Data Science),CSE,460000,4 years,,PCM 50-59.9%: 460000 | PCM 60-69.9%: 407500 | PCM 70-79.9%: 355000 | PCM 80-89.9%: 302500 | PCM 90-100%: 250000 (Tuition+Lab),Min 60% in 3 subjects,2026-27
Saveetha Institute of Medical and Technical Sciences (SIMATS),B.Tech CSE (Cyber Security),CSE,460000,4 years,,PCM 50-59.9%: 460000 | PCM 60-69.9%: 407500 | PCM 70-79.9%: 355000 | PCM 80-89.9%: 302500 | PCM 90-100%: 250000 (Tuition+Lab),Min 60% in 3 subjects,2026-27
Saveetha Institute of Medical and Technical Sciences (SIMATS),B.Tech CSE & BioSciences,CSE,460000,4 years,,PCM 50-59.9%: 460000 | PCM 60-69.9%: 407500 | PCM 70-79.9%: 355000 | PCM 80-89.9%: 302500 | PCM 90-100%: 250000 (Tuition+Lab),Min 60% in 3 subjects,2026-27
Saveetha Institute of Medical and Technical Sciences (SIMATS),B.Tech Electronics & Communication Engineering,ECE,320000,4 years,,PCM 50-59.9%: 320000 | PCM 60-69.9%: 290000 | PCM 70-79.9%: 260000 | PCM 80-89.9%: 230000 | PCM 90-100%: 200000 (Tuition+Lab),Min 60% in 3 subjects,2026-27
Saveetha Institute of Medical and Technical Sciences (SIMATS),B.Tech Information Technology,IT,335000,4 years,,PCM 50-59.9%: 335000 | PCM 60-69.9%: 301250 | PCM 70-79.9%: 267500 | PCM 80-89.9%: 233750 | PCM 90-100%: 200000 (Tuition+Lab),Min 60% in 3 subjects,2026-27
Saveetha Institute of Medical and Technical Sciences (SIMATS),B.Tech Bioinformatics,Science,320000,4 years,,PCM 50-59.9%: 320000 | PCM 60-69.9%: 290000 | PCM 70-79.9%: 260000 | PCM 80-89.9%: 230000 | PCM 90-100%: 200000 (Tuition+Lab),Min 60% in 3 subjects,2026-27
Saveetha Institute of Medical and Technical Sciences (SIMATS),B.Tech Biotechnology,Science,160000,4 years,,Flat rate any PCM% (Tuition 35000 + Lab 125000),Min 60% in 3 subjects,2026-27
Saveetha Institute of Medical and Technical Sciences (SIMATS),B.Tech Biomedical Engineering,Biomedical Engineering,320000,4 years,,PCM 50-59.9%: 320000 | PCM 60-69.9%: 290000 | PCM 70-79.9%: 260000 | PCM 80-89.9%: 230000 | PCM 90-100%: 200000 (Tuition+Lab),Min 60% in 3 subjects,2026-27
Saveetha Institute of Medical and Technical Sciences (SIMATS),B.Tech Dental Technology,Health Sciences,160000,4 years,,Flat rate any PCM% (Tuition 35000 + Lab 125000),Min 60% in 3 subjects,2026-27
Saveetha Institute of Medical and Technical Sciences (SIMATS),B.Tech EEE,Electrical Engineering,160000,4 years,,Flat rate any PCM% (Tuition 35000 + Lab 125000),Min 60% in 3 subjects,2026-27
Saveetha Institute of Medical and Technical Sciences (SIMATS),B.Tech Civil Engineering,Civil Engineering,160000,4 years,,Flat rate any PCM% (Tuition 35000 + Lab 125000),Min 60% in 3 subjects,2026-27
Saveetha Institute of Medical and Technical Sciences (SIMATS),B.Tech Mechanical Engineering,Mechanical Engineering,160000,4 years,,Flat rate any PCM% (Tuition 35000 + Lab 125000),Min 60% in 3 subjects,2026-27
Chettinad Institute of Technology,B.Tech Computer Science and Engineering,CSE,150000,4 years,,,10+2 with Maths and Physics,2026-27
Chettinad Institute of Technology,B.Tech CSE (AI & Machine Learning),CSE,150000,4 years,,,10+2 with Maths and Physics,2026-27
Chettinad Institute of Technology,B.Tech Artificial Intelligence and Data Sciences,CSE,150000,4 years,,,10+2 with Maths and Physics,2026-27
Chettinad Institute of Technology,B.Tech Information Technology,IT,150000,4 years,,,10+2 with Maths and Physics,2026-27
Chettinad Institute of Technology,B.Tech Cyber Security,CSE,150000,4 years,,,10+2 with Maths and Physics,2026-27
Chettinad Institute of Technology,B.Tech Computer Science and Medical Engineering,CSE,150000,4 years,,,10+2 with Maths and Physics,2026-27
Chettinad Institute of Technology,B.Tech Software Engineering,CSE,150000,4 years,,,10+2 with Maths and Physics,2026-27
Chettinad Institute of Technology,B.Tech Robotics & AI,CSE,150000,4 years,,,10+2 with Maths and Physics,2026-27
Chettinad Institute of Technology,B.Tech Electronics and Communication Engineering,ECE,150000,4 years,,,10+2 with Maths and Physics,2026-27
Chettinad Institute of Technology,B.Tech ECE (VLSI Design & Technology),ECE,150000,4 years,,,10+2 with Maths and Physics,2026-27
Chettinad Institute of Technology,Integrated M.Tech CSE (5 Year),CSE,150000,5 years,,,10+2 with Maths and Physics,2026-27
VISTAS (Vels Institute of Science Technology and Advanced Studies),B.Com General - Shift 1,Commerce,111000,3 years,,,10+2 any stream,2026-27
VISTAS (Vels Institute of Science Technology and Advanced Studies),B.Com General - Shift 2,Commerce,81000,3 years,,,10+2 any stream,2026-27
VISTAS (Vels Institute of Science Technology and Advanced Studies),B.Com Computer Applications,Commerce,99900,3 years,,,10+2 any stream,2026-27
VISTAS (Vels Institute of Science Technology and Advanced Studies),B.Com Corporate Secretaryship,Commerce,99900,3 years,,,10+2 any stream,2026-27
VISTAS (Vels Institute of Science Technology and Advanced Studies),B.Com Accounts & Finance,Commerce,99900,3 years,,,10+2 any stream,2026-27
VISTAS (Vels Institute of Science Technology and Advanced Studies),BBA,Management,99900,3 years,,,10+2 any stream,2026-27
VISTAS (Vels Institute of Science Technology and Advanced Studies),BBA Logistics and Shipping,Management,99900,3 years,,,10+2 any stream,2026-27
VISTAS (Vels Institute of Science Technology and Advanced Studies),BA Economics,Arts,69900,3 years,,,10+2 any stream,2026-27
VISTAS (Vels Institute of Science Technology and Advanced Studies),BBA Aviation Management,Management,211800,3 years,,,10+2 any stream,2026-27
VISTAS (Vels Institute of Science Technology and Advanced Studies),MBA (HR / Marketing / Finance / Systems / Production),Management,302000,2 years,,,Any UG Degree,2026-27
VISTAS (Vels Institute of Science Technology and Advanced Studies),MBA Shipping & Logistics Management (CII),Management,302000,2 years,,,Any UG Degree,2026-27
VISTAS (Vels Institute of Science Technology and Advanced Studies),MBA Logistics & Supply Chain Management (CII),Management,302000,2 years,,,Any UG Degree,2026-27
VISTAS (Vels Institute of Science Technology and Advanced Studies),MBA Fin Tech,Management,302000,2 years,,,Any UG Degree,2026-27
VISTAS (Vels Institute of Science Technology and Advanced Studies),MBA Business Analytics (IBM),Management,312000,2 years,,,Any UG Degree,2026-27
VISTAS (Vels Institute of Science Technology and Advanced Studies),MA Economics,Arts PG,79900,2 years,,,BA Economics,2026-27
VISTAS (Vels Institute of Science Technology and Advanced Studies),B.Sc Computer Science,Computer Science,115000,3 years,,,10+2 any stream,2026-27
VISTAS (Vels Institute of Science Technology and Advanced Studies),B.Sc CS with Cybersecurity,Computer Science,110000,3 years,,,10+2 any stream,2026-27
VISTAS (Vels Institute of Science Technology and Advanced Studies),B.Sc CS with AI & ML,Computer Science,110000,3 years,,,10+2 any stream,2026-27
VISTAS (Vels Institute of Science Technology and Advanced Studies),B.Sc CS with AI & Data Science,Computer Science,110000,3 years,,,10+2 any stream,2026-27
VISTAS (Vels Institute of Science Technology and Advanced Studies),B.Sc Information Technology,Computer Science,99900,3 years,,,10+2 any stream,2026-27
VISTAS (Vels Institute of Science Technology and Advanced Studies),BCA - Shift 1,Computer Applications,126000,3 years,,,10+2 any stream,2026-27
VISTAS (Vels Institute of Science Technology and Advanced Studies),BCA - Shift 2,Computer Applications,82000,3 years,,,10+2 any stream,2026-27
VISTAS (Vels Institute of Science Technology and Advanced Studies),BCA Data Science,Computer Applications,121000,3 years,,,10+2 any stream,2026-27
VISTAS (Vels Institute of Science Technology and Advanced Studies),BCA Cloud Computing,Computer Applications,159800,3 years,,,10+2 any stream,2026-27
VISTAS (Vels Institute of Science Technology and Advanced Studies),MCA - Shift 1,Computer Applications PG,155000,2 years,,,BCA / B.Sc CS / Any UG with Maths,2026-27
VISTAS (Vels Institute of Science Technology and Advanced Studies),MCA - Shift 2,Computer Applications PG,135000,2 years,,,BCA / B.Sc CS / Any UG with Maths,2026-27
VISTAS (Vels Institute of Science Technology and Advanced Studies),M.Sc Information Technology,Science PG,95000,2 years,,,B.Sc IT / BCA,2026-27
VISTAS (Vels Institute of Science Technology and Advanced Studies),M.Sc Computer Science,Science PG,95000,2 years,,,B.Sc CS / BCA,2026-27
VISTAS (Vels Institute of Science Technology and Advanced Studies),M.Sc Data Science and Business Analytics,Science PG,99900,2 years,,,Any UG with Maths/Stats,2026-27
VISTAS (Vels Institute of Science Technology and Advanced Studies),B.Sc Bio-Technology,Science,69000,3 years,,,10+2 with Science,2026-27
VISTAS (Vels Institute of Science Technology and Advanced Studies),B.Sc Micro-Biology,Science,69000,3 years,,,10+2 with Science,2026-27
VISTAS (Vels Institute of Science Technology and Advanced Studies),B.Sc Bio Chemistry,Science,69000,3 years,,,10+2 with Science,2026-27
VISTAS (Vels Institute of Science Technology and Advanced Studies),B.Sc Bioinformatics with AI & Data Science,Science,105000,3 years,,,10+2 with Science,2026-27
VISTAS (Vels Institute of Science Technology and Advanced Studies),M.Sc Bio-Technology,Science PG,95000,2 years,,,B.Sc Biotechnology,2026-27
VISTAS (Vels Institute of Science Technology and Advanced Studies),M.Sc Biochemistry,Science PG,95000,2 years,,,B.Sc Biochemistry,2026-27
VISTAS (Vels Institute of Science Technology and Advanced Studies),M.Sc Immunology & Microbiology,Science PG,95000,2 years,,,B.Sc Microbiology / related,2026-27
VISTAS (Vels Institute of Science Technology and Advanced Studies),M.Sc Bioinformatics with AI & Data Science,Science PG,95000,2 years,,,B.Sc Bioinformatics / related,2026-27
VISTAS (Vels Institute of Science Technology and Advanced Studies),B.Sc Chemistry with AI,Science,69000,3 years,,,10+2 with Science,2026-27
VISTAS (Vels Institute of Science Technology and Advanced Studies),M.Sc Chemistry,Science PG,95000,2 years,,,B.Sc Chemistry,2026-27
VISTAS (Vels Institute of Science Technology and Advanced Studies),B.Sc Visual Communication,Media,111000,3 years,,,10+2 any stream,2026-27
VISTAS (Vels Institute of Science Technology and Advanced Studies),B.Sc Animation,Media,111000,3 years,,,10+2 any stream,2026-27
VISTAS (Vels Institute of Science Technology and Advanced Studies),M.Sc Visual Communication,Media PG,112000,2 years,,,B.Sc Visual Communication / related,2026-27
VISTAS (Vels Institute of Science Technology and Advanced Studies),Diploma in Visual Communication,Media,88900,1 year,,,10+2 any stream,2026-27
VISTAS (Vels Institute of Science Technology and Advanced Studies),BA English,Arts,64000,3 years,,,10+2 any stream,2026-27
VISTAS (Vels Institute of Science Technology and Advanced Studies),MA English,Arts PG,72900,2 years,,,BA English,2026-27
VISTAS (Vels Institute of Science Technology and Advanced Studies),B.Sc Hotel and Catering Management,Hotel Management,99900,3 years,,,10+2 any stream,2026-27
VISTAS (Vels Institute of Science Technology and Advanced Studies),B.Sc Culinary Arts,Hotel Management,125000,3 years,,,10+2 any stream,2026-27
VISTAS (Vels Institute of Science Technology and Advanced Studies),M.Sc Hotel and Catering Management,Hotel Management PG,65000,2 years,,,B.Sc Hotel Management / related,2026-27
VISTAS (Vels Institute of Science Technology and Advanced Studies),Diploma in Hotel and Catering Management,Hotel Management,87000,1 year,,,10+2 any stream,2026-27
VISTAS (Vels Institute of Science Technology and Advanced Studies),B.Sc Aviation,Aviation,231800,3 years,,,10+2 any stream,2026-27
VISTAS (Vels Institute of Science Technology and Advanced Studies),B.Sc Aeronautical Science,Aviation,231800,3 years,,,10+2 any stream,2026-27
VISTAS (Vels Institute of Science Technology and Advanced Studies),BA Western Music,Arts,52900,3 years,,,10+2 any stream,2026-27
VISTAS (Vels Institute of Science Technology and Advanced Studies),MA Bharatanatyam,Arts PG,52900,2 years,,,Any UG Degree,2026-27
VISTAS (Vels Institute of Science Technology and Advanced Studies),Diploma in Western Music,Arts,24000,1 year,,,10+2 any stream,2026-27
VISTAS (Vels Institute of Science Technology and Advanced Studies),MA Astrology,Arts PG,45000,2 years,,,Any UG Degree,2026-27
VISTAS (Vels Institute of Science Technology and Advanced Studies),M.Sc in Yoga,Science PG,35000,2 years,,,Any UG Degree,2026-27
VISTAS (Vels Institute of Science Technology and Advanced Studies),B.Pharmacy,Pharmacy,205000,4 years,,,10+2 with Physics Chemistry Biology,2026-27
VISTAS (Vels Institute of Science Technology and Advanced Studies),Pharm-D (6 Years),Pharmacy,440000,6 years,,,10+2 with Physics Chemistry Biology,2026-27
VISTAS (Vels Institute of Science Technology and Advanced Studies),Pharm-D Post Baccalaureate (3 Years),Pharmacy,245000,3 years,,,B.Pharmacy,2026-27
VISTAS (Vels Institute of Science Technology and Advanced Studies),M.Pharmacy - Pharmaceutics,Pharmacy PG,190000,2 years,,,B.Pharmacy,2026-27
VISTAS (Vels Institute of Science Technology and Advanced Studies),M.Pharmacy - Pharmaceutical Analysis,Pharmacy PG,190000,2 years,,,B.Pharmacy,2026-27
VISTAS (Vels Institute of Science Technology and Advanced Studies),M.Pharmacy - Pharmacy Practice,Pharmacy PG,190000,2 years,,,B.Pharmacy,2026-27
VISTAS (Vels Institute of Science Technology and Advanced Studies),M.Pharmacy - Pharmacology,Pharmacy PG,190000,2 years,,,B.Pharmacy,2026-27
VISTAS (Vels Institute of Science Technology and Advanced Studies),BA LLB (Hons) - 5 Years,Law,225000,5 years,,,10+2 any stream,2026-27
VISTAS (Vels Institute of Science Technology and Advanced Studies),BBA LLB (Hons) - 5 Years,Law,195000,5 years,,,10+2 any stream,2026-27
VISTAS (Vels Institute of Science Technology and Advanced Studies),B.Com LLB (Hons) - 5 Years,Law,195000,5 years,,,10+2 any stream,2026-27
VISTAS (Vels Institute of Science Technology and Advanced Studies),LLB - 3 Years,Law,255000,3 years,,,Any UG Degree,2026-27
VISTAS (Vels Institute of Science Technology and Advanced Studies),LLM - 2 Years,Law PG,205000,2 years,,,LLB Degree,2026-27
VISTAS (Vels Institute of Science Technology and Advanced Studies),LLM - 1 Year,Law PG,215000,1 year,,,LLB Degree,2026-27
VISTAS (Vels Institute of Science Technology and Advanced Studies),BPT - 5 Years,Physiotherapy,119000,5 years,,,10+2 with Science,2026-27
VISTAS (Vels Institute of Science Technology and Advanced Studies),MPT (Various Specializations),Physiotherapy PG,249000,2 years,,,BPT,2026-27
VISTAS (Vels Institute of Science Technology and Advanced Studies),B.Tech CSE (TCS iON) - Category 1 (90%+ marks),CSE,224000,4 years,,Category 1: 90% & above,10+2 with Maths and Physics Min 60%,2026-27
VISTAS (Vels Institute of Science Technology and Advanced Studies),B.Tech CSE (TCS iON) - Category 2 (75-89% marks),CSE,274000,4 years,,Category 2: 75%-89%,10+2 with Maths and Physics Min 60%,2026-27
VISTAS (Vels Institute of Science Technology and Advanced Studies),B.Tech CSE (TCS iON) - Category 3 (Below 75% marks),CSE,299000,4 years,,Category 3: Below 75%,10+2 with Maths and Physics Min 60%,2026-27
VISTAS (Vels Institute of Science Technology and Advanced Studies),B.Tech CSE (AI/ML/AI&DS/Software Engg) - Category 1 (90%+),CSE,200000,4 years,,Category 1: 90% & above,10+2 with Maths and Physics Min 60%,2026-27
VISTAS (Vels Institute of Science Technology and Advanced Studies),B.Tech CSE (AI/ML/AI&DS/Software Engg) - Category 2 (75-89%),CSE,250000,4 years,,Category 2: 75%-89%,10+2 with Maths and Physics Min 60%,2026-27
VISTAS (Vels Institute of Science Technology and Advanced Studies),B.Tech CSE (AI/ML/AI&DS/Software Engg) - Category 3 (Below 75%),CSE,275000,4 years,,Category 3: Below 75%,10+2 with Maths and Physics Min 60%,2026-27
VISTAS (Vels Institute of Science Technology and Advanced Studies),B.Tech Electronics and Computer Engineering,ECE,125000,4 years,,,10+2 with Maths and Physics Min 60%,2026-27
VISTAS (Vels Institute of Science Technology and Advanced Studies),B.Tech Electrical and Electronics Engineering,Electrical Engineering,145000,4 years,,,10+2 with Maths and Physics Min 60%,2026-27
VISTAS (Vels Institute of Science Technology and Advanced Studies),B.Tech Mechanical Engineering,Mechanical Engineering,125000,4 years,,,10+2 with Maths and Physics Min 60%,2026-27
VISTAS (Vels Institute of Science Technology and Advanced Studies),B.Tech Electronics and Communication Engineering,ECE,185000,4 years,,,10+2 with Maths and Physics Min 60%,2026-27
VISTAS (Vels Institute of Science Technology and Advanced Studies),B.Tech Biotechnology,Biotechnology,165000,4 years,,,10+2 with Science Min 60%,2026-27
VISTAS (Vels Institute of Science Technology and Advanced Studies),B.Tech Biomedical Engineering,Biomedical Engineering,165000,4 years,,,10+2 with Science Min 60%,2026-27
VISTAS (Vels Institute of Science Technology and Advanced Studies),B.Tech IT with Mobile & Cloud (IBM),IT,250000,4 years,,,10+2 with Maths and Physics Min 60%,2026-27
VISTAS (Vels Institute of Science Technology and Advanced Studies),B.Tech Robotics and Artificial Intelligence,CSE,345800,4 years,,,10+2 with Maths and Physics Min 60%,2026-27
VISTAS (Vels Institute of Science Technology and Advanced Studies),B.Tech EEE (Working Professionals),Electrical Engineering,136000,4 years,,,Working Professional with Diploma/Degree,2026-27
VISTAS (Vels Institute of Science Technology and Advanced Studies),B.Tech Mechanical Engineering (Working Professionals),Mechanical Engineering,136000,4 years,,,Working Professional with Diploma/Degree,2026-27
VISTAS (Vels Institute of Science Technology and Advanced Studies),M.Tech CSE,Engineering PG,99900,2 years,,,B.Tech / BE in CSE/IT,2026-27
VISTAS (Vels Institute of Science Technology and Advanced Studies),M.Tech Construction Engineering & Management,Engineering PG,99900,2 years,,,B.Tech / BE in Civil,2026-27
VISTAS (Vels Institute of Science Technology and Advanced Studies),M.Tech Structural Engineering,Engineering PG,99900,2 years,,,B.Tech / BE in Civil,2026-27
VISTAS (Vels Institute of Science Technology and Advanced Studies),M.Tech Data Science,Engineering PG,149000,2 years,,,B.Tech / BE in relevant field,2026-27
VISTAS (Vels Institute of Science Technology and Advanced Studies),M.Tech Artificial Intelligence,Engineering PG,149000,2 years,,,B.Tech / BE in relevant field,2026-27
VISTAS (Vels Institute of Science Technology and Advanced Studies),B.Ed (2 Years),Education,85900,2 years,,,Any UG Degree,2026-27
VISTAS (Vels Institute of Science Technology and Advanced Studies),B.Sc B.Ed,Education,92800,4 years,,,10+2 any stream,2026-27
VISTAS (Vels Institute of Science Technology and Advanced Studies),BA B.Ed,Education,92800,4 years,,,10+2 any stream,2026-27
VISTAS (Vels Institute of Science Technology and Advanced Studies),B.Sc Operation Theatre and Anaesthesia Technology,Allied Health Sciences,179000,3 years,,,10+2 with Science,2026-27
VISTAS (Vels Institute of Science Technology and Advanced Studies),B.Sc Cardiac Care Technology,Allied Health Sciences,179000,3 years,,,10+2 with Science,2026-27
VISTAS (Vels Institute of Science Technology and Advanced Studies),B.Sc Radiography and Imaging Technology,Allied Health Sciences,169000,3 years,,,10+2 with Science,2026-27
VISTAS (Vels Institute of Science Technology and Advanced Studies),B.Sc Physician Assistant,Allied Health Sciences,149000,3 years,,,10+2 with Science,2026-27
VISTAS (Vels Institute of Science Technology and Advanced Studies),B.Sc Biomedical Sciences,Allied Health Sciences,110000,3 years,,,10+2 with Science,2026-27
VISTAS (Vels Institute of Science Technology and Advanced Studies),M.Sc Clinical Embryology,Allied Health Sciences PG,340000,2 years,,,B.Sc Life Sciences / related,2026-27
VISTAS - Thiruvanmiyur Campus,B.Com General (Integrated CA Program),Commerce,122000,3 years,,,10+2 any stream,2026-27
VISTAS - Thiruvanmiyur Campus,B.Com Computer Applications,Commerce,110000,3 years,,,10+2 any stream,2026-27
VISTAS - Thiruvanmiyur Campus,BBA Digital Marketing,Management,122000,3 years,,,10+2 any stream,2026-27
VISTAS - Thiruvanmiyur Campus,MBA (HR / Marketing / Finance / Systems / Production),Management,297000,2 years,,,Any UG Degree,2026-27
VISTAS - Thiruvanmiyur Campus,MBA Digital Marketing,Management,297000,2 years,,,Any UG Degree,2026-27
VISTAS - Thiruvanmiyur Campus,B.Sc Computer Science,Computer Science,127000,3 years,,,10+2 any stream,2026-27
VISTAS - Thiruvanmiyur Campus,B.Sc CS with Cybersecurity,Computer Science,121000,3 years,,,10+2 any stream,2026-27
VISTAS - Thiruvanmiyur Campus,B.Sc CS with AI & ML,Computer Science,121000,3 years,,,10+2 any stream,2026-27
VISTAS - Thiruvanmiyur Campus,B.Sc CS with AI & Data Science,Computer Science,121000,3 years,,,10+2 any stream,2026-27
VISTAS - Thiruvanmiyur Campus,BCA Data Science,Computer Applications,133000,3 years,,,10+2 any stream,2026-27
VISTAS - Thiruvanmiyur Campus,MCA,Computer Applications PG,171000,2 years,,,BCA / B.Sc CS / Any UG with Maths,2026-27
VISTAS - Thiruvanmiyur Campus,M.Sc Data Science and Business Analytics,Science PG,110000,2 years,,,Any UG with Maths/Stats,2026-27
VISTAS - Thiruvanmiyur Campus,B.Sc Aviation,Aviation,231800,3 years,,,10+2 any stream,2026-27
VISTAS - Thiruvanmiyur Campus,B.Sc Aeronautical Science,Aviation,231800,3 years,,,10+2 any stream,2026-27
VISTAS - Thiruvanmiyur Campus,BBA Aviation Management,Management,211800,3 years,,,10+2 any stream,2026-27
VISTAS - Thiruvanmiyur Campus,MBA Aviation & Airport Management,Management,395800,2 years,,,Any UG Degree,2026-27
Jeppiaar University,B.Tech Computer Science and Engineering,CSE,275000,4 years,180,,10+2 with Maths and Physics,2026-27
Jeppiaar University,B.Tech CSE (AI & Data Science),CSE,275000,4 years,180,,10+2 with Maths and Physics,2026-27
Jeppiaar University,B.Tech CSE (AI & Machine Learning),CSE,275000,4 years,180,,10+2 with Maths and Physics,2026-27
Jeppiaar University,B.Tech CSE (Cyber Security),CSE,275000,4 years,180,,10+2 with Maths and Physics,2026-27
Jeppiaar University,B.Tech IT,IT,250000,4 years,180,,10+2 with Maths and Physics,2026-27
Jeppiaar University,B.Tech Electronics and Communication Engineering,ECE,225000,4 years,120,,10+2 with Maths and Physics,2026-27
Jeppiaar University,B.Tech Biotechnology / EEE / Mechanical / Aerospace,Engineering,185000,4 years,60,,10+2 with Maths and Physics / Science,2026-27
Jeppiaar University,B.Com General,Commerce,130000,3 years,60,,10+2 any stream,2026-27
Jeppiaar University,B.Sc Biotechnology,Science,130000,3 years,60,,10+2 with Science,2026-27
Jeppiaar University,B.Sc Forensic Science,Science,130000,3 years,60,,10+2 with Science,2026-27
Jeppiaar University,B.Sc Computer Science (AI),Computer Science,130000,3 years,60,,10+2 any stream,2026-27
Jeppiaar University,B.Sc Computer Science,Computer Science,130000,3 years,60,,10+2 any stream,2026-27
Jeppiaar University,BCA (Bachelor of Computer Applications),Computer Applications,150000,3 years,60,,10+2 any stream,2026-27
Jeppiaar University,BBA General / Financial Technology,Management,130000,3 years,60,,10+2 any stream,2026-27
Jeppiaar University,B.Sc Aviation,Aviation,160000,3 years,60,,10+2 any stream,2026-27
Jeppiaar University,BBA Airline & Airport Management,Management,160000,3 years,60,,10+2 any stream,2026-27
Jeppiaar University,BBA Shipping & Logistics Management,Management,160000,3 years,60,,10+2 any stream,2026-27
Jeppiaar University,MBA Shipping & Logistics Management,Management,150000,2 years,60,,Any UG Degree,2026-27
Jeppiaar University,MBA Airline & Airport Management,Management,150000,2 years,60,,Any UG Degree,2026-27
Jeppiaar University,MBA,Management,150000,2 years,60,,Any UG Degree,2026-27
Jeppiaar University,M.Tech Computer Science and Engineering,Engineering PG,60000,2 years,30,,B.Tech / BE in CSE/IT,2026-27
Jeppiaar University,M.Tech Software Engineering,Engineering PG,60000,2 years,30,,B.Tech / BE in CSE/IT,2026-27
Jeppiaar University,M.Tech VLSI Design,Engineering PG,60000,2 years,30,,B.Tech / BE in ECE/EEE,2026-27
Jeppiaar University,M.Tech Biotechnology,Engineering PG,60000,2 years,30,,B.Tech / BE in Biotech/related,2026-27
Jeppiaar University,MCA,Computer Applications PG,125000,2 years,60,,BCA / B.Sc CS / Any UG with Maths,2026-27
